Predictions on training set,,,,,,,,,,,,,,Predictions on test split,,,
Predictions on training set,,,,,,,,,,,,,,Predictions on test split,,,
inst#,actual,predicted,error,,,,,,,,,,,inst#,actual,predicted,error
1,74,78.667,4.667,,,,,,,,,,,1,68,67.393,-0.607
2,88,84.818,-3.182,,,,,,,,,,,2,64,64.914,0.914
3,93,88.5,-4.5,,,,,,,,,,,3,72,55.376,-16.624
4,44,49.5,5.5,,,,,,,,,,,4,76,83.922,7.922
5,75,58.154,-16.846,,,,,,,,,,,5,73,67.163,-5.837
6,78,67.818,-10.182,,,,,,,,,,,6,51,69.501,18.501
7,92,79,-13,,,,,,,,,,,7,77,76.25,-0.75
8,39,48.333,9.333,,,,,,,,,,,8,79,69.879,-9.121
9,67,71,4,,,,,,,,,,,9,73,60.891,-12.109
10,50,59.5,9.5,,,,,,,,,,,10,80,81.399,1.399
11,52,64.462,12.462,,,,,,,,,,,11,62,56.565,-5.435
12,43,63.615,20.615,,,,,,,,,,,12,92,69.905,-22.095
13,73,66.846,-6.154,,,,,,,,,,,13,53,63.2,10.2
14,70,69.333,-0.667,,,,,,,,,,,14,68,63.497,-4.503
15,58,58,0,,,,,,,,,,,15,66,68.723,2.723
16,78,71.75,-6.25,,,,,,,,,,,16,80,67.06,-12.94
17,86,62,-24,,,,,,,,,,,17,48,65.943,17.943
18,28,47.25,19.25,,,,,,,,,,,18,80,67.266,-12.734
19,46,67,21,,,,,,,,,,,19,94,87.962,-6.038
20,61,67.667,6.667,,,,,,,,,,,20,72,69.761,-2.239
21,63,58.786,-4.214,,,,,,,,,,,21,95,81.303,-13.697
22,70,67,-3,,,,,,,,,,,22,76,69.312,-6.688
23,53,63.5,10.5,,,,,,,,,,,23,43,52.672,9.672
24,73,71.75,-1.25,,,,,,,,,,,24,73,81.399,8.399
25,80,67.25,-12.75,,,,,,,,,,,25,74,64.42,-9.58
26,72,72,0,,,,,,,,,,,26,93,70.67,-22.33
27,55,53.714,-1.286,,,,,,,,,,,27,59,74.867,15.867
28,75,83.75,8.75,,,,,,,,,,,28,51,43.906,-7.094
29,65,62,-3,,,,,,,,,,,29,80,73.843,-6.157
30,75,80,5,,,,,,,,,,,30,43,64.856,21.856
31,74,76.818,2.818,,,,,,,,,,,31,76,70.942,-5.058
32,61,69.5,8.5,,,,,,,,,,,32,80,79.408,-0.592
33,65,68.667,3.667,,,,,,,,,,,33,73,64.914,-8.086
34,38,63.5,25.5,,,,,,,,,,,34,58,59.715,1.715
35,82,63.333,-18.667,,,,,,,,,,,35,80,81.399,1.399
36,79,70.286,-8.714,,,,,,,,,,,36,91,64.856,-26.144
37,83,76.667,-6.333,,,,,,,,,,,37,82,84.26,2.26
38,59,57,-2,,,,,,,,,,,38,60,59.301,-0.699
39,88,82,-6,,,,,,,,,,,39,74,76.928,2.928
40,57,52.75,-4.25,,,,,,,,,,,40,66,65.691,-0.309
41,54,60,6,,,,,,,,,,,41,80,43.906,-36.094
42,68,69.476,1.476,,,,,,,,,,,42,74,53.63,-20.37
43,65,67.818,2.818,,,,,,,,,,,43,64,55.402,-8.598
44,66,67.333,1.333,,,,,,,,,,,44,61,55.629,-5.371
45,54,71,17,,,,,,,,,,,45,91,74.057,-16.943
46,57,61.857,4.857,,,,,,,,,,,46,66,55.376,-10.624
47,62,68,6,,,,,,,,,,,47,100,81.303,-18.697
48,76,68.867,-7.133,,,,,,,,,,,48,84,47.352,-36.648
49,76,82,6,,,,,,,,,,,49,77,65.367,-11.633
50,82,64.286,-17.714,,,,,,,,,,,50,80,65.707,-14.293
51,48,63.333,15.333,,,,,,,,,,,51,100,77.77,-22.23
52,68,71.4,3.4,,,,,,,,,,,52,52,74.057,22.057
53,42,58.154,16.154,,,,,,,,,,,53,99,73.248,-25.752
54,75,58.786,-16.214,,,,,,,,,,,54,35,67.266,32.266
55,87,68.6,-18.4,,,,,,,,,,,55,78,63.157,-14.843
56,43,52.4,9.4,,,,,,,,,,,56,68,70.191,2.191
57,86,88.8,2.8,,,,,,,,,,,57,59,73.843,14.843
58,49,63.615,14.615,,,,,,,,,,,58,56,66.622,10.622
59,58,75.222,17.222,,,,,,,,,,,59,61,56.565,-4.435
60,10,51.286,41.286,,,,,,,,,,,60,64,49.847,-14.153
61,72,72,0,,,,,,,,,,,61,82,80.212,-1.788
62,34,53.4,19.4,,,,,,,,,,,62,67,63.2,-3.8
63,55,49.5,-5.5,,,,,,,,,,,63,52,64.688,12.688
64,71,69.476,-1.524,,,,,,,,,,,64,74,80.212,6.212
65,59,73.917,14.917,,,,,,,,,,,65,60,55.178,-4.822
66,61,62.6,1.6,,,,,,,,,,,66,76,69.879,-6.121
67,37,45.5,8.5,,,,,,,,,,,67,96,84.509,-11.491
68,74,72.789,-1.211,,,,,,,,,,,68,52,50.378,-1.622
69,56,52.75,-3.25,,,,,,,,,,,69,64,60.891,-3.109
70,57,69.476,12.476,,,,,,,,,,,70,100,65.741,-34.259
71,73,75.833,2.833,,,,,,,,,,,71,71,74.816,3.816
72,63,75.222,12.222,,,,,,,,,,,72,52,52.619,0.619
73,48,60,12,,,,,,,,,,,73,64,52.672,-11.328
74,56,60,4,,,,,,,,,,,74,52,69.312,17.312
75,41,54.5,13.5,,,,,,,,,,,75,62,70.586,8.586
76,38,52.75,14.75,,,,,,,,,,,76,74,79.408,5.408
77,22,59.75,37.75,,,,,,,,,,,77,81,74.702,-6.298
78,81,76.667,-4.333,,,,,,,,,,,78,100,85.571,-14.429
79,72,82.333,10.333,,,,,,,,,,,79,75,65.741,-9.259
80,68,79.5,11.5,,,,,,,,,,,80,47,77.386,30.386
81,50,67.818,17.818,,,,,,,,,,,81,53,69.879,16.879
82,45,40.8,-4.2,,,,,,,,,,,82,72,77.55,5.55
83,54,67.5,13.5,,,,,,,,,,,83,60,68.62,8.62
84,63,63.667,0.667,,,,,,,,,,,84,33,64.856,31.856
85,34,57.5,23.5,,,,,,,,,,,85,65,51.031,-13.969
86,82,72.789,-9.211,,,,,,,,,,,86,92,80.213,-11.787
87,88,61.111,-26.889,,,,,,,,,,,87,67,56.455,-10.545
88,74,76.667,2.667,,,,,,,,,,,88,86,62.679,-23.321
89,67,70,3,,,,,,,,,,,89,70,74.057,4.057
90,82,73.917,-8.083,,,,,,,,,,,90,70,59.636,-10.364
91,74,83.75,9.75,,,,,,,,,,,91,65,58.776,-6.224
92,36,52.571,16.571,,,,,,,,,,,92,80,57.924,-22.076
93,71,62,-9,,,,,,,,,,,93,81,65.932,-15.068
94,50,64.2,14.2,,,,,,,,,,,94,71,70.1,-0.9
95,92,69.5,-22.5,,,,,,,,,,,95,76,54.471,-21.529
96,82,64.2,-17.8,,,,,,,,,,,96,82,69.879,-12.121
97,62,67.667,5.667,,,,,,,,,,,97,51,54.981,3.981
98,70,77.5,7.5,,,,,,,,,,,98,52,67.266,15.266
99,62,73,11,,,,,,,,,,,99,79,91.305,12.305
100,62,80.6,18.6,,,,,,,,,,,100,91,80.213,-10.787
101,67,53.714,-13.286,,,,,,,,,,,101,72,57.924,-14.076
102,74,71,-3,,,,,,,,,,,102,75,65.789,-9.211
103,89,76.667,-12.333,,,,,,,,,,,103,78,75.439,-2.561
104,47,59.5,12.5,,,,,,,,,,,104,94,83.922,-10.078
105,90,86,-4,,,,,,,,,,,105,67,70.383,3.383
106,72,72.789,0.789,,,,,,,,,,,106,81,73.843,-7.157
107,100,80,-20,,,,,,,,,,,107,92,72.422,-19.578
108,64,70.286,6.286,,,,,,,,,,,108,58,57.781,-0.219
109,70,65.4,-4.6,,,,,,,,,,,109,56,76.25,20.25
110,72,68.444,-3.556,,,,,,,,,,,110,41,64.255,23.255
111,98,82,-16,,,,,,,,,,,111,60,54.471,-5.529
112,49,62,13,,,,,,,,,,,112,80,91.305,11.305
113,47,53.667,6.667,,,,,,,,,,,113,41,70.586,29.586
114,54,76.818,22.818,,,,,,,,,,,114,60,56.565,-3.435
115,100,84,-16,,,,,,,,,,,115,59,64.688,5.688
116,74,62,-12,,,,,,,,,,,116,87,59.478,-27.522
117,82,81.667,-0.333,,,,,,,,,,,117,78,64.914,-13.086
118,79,80.6,1.6,,,,,,,,,,,118,84,71.801,-12.199
119,61,73.917,12.917,,,,,,,,,,,119,61,70.383,9.383
120,65,72.789,7.789,,,,,,,,,,,120,62,82.729,20.729
121,89,85.143,-3.857,,,,,,,,,,,121,78,72.422,-5.578
122,92,78.75,-13.25,,,,,,,,,,,122,67,69.312,2.312
123,93,84.818,-8.182,,,,,,,,,,,123,100,77.658,-22.342
124,56,57.5,1.5,,,,,,,,,,,124,54,62.739,8.739
125,73,63.333,-9.667,,,,,,,,,,,125,79,77.03,-1.97
126,86,66.846,-19.154,,,,,,,,,,,126,66,80.463,14.463
127,67,62.6,-4.4,,,,,,,,,,,127,82,86.547,4.547
128,74,75.222,1.222,,,,,,,,,,,128,63,73.248,10.248
129,74,80,6,,,,,,,,,,,129,76,76.441,0.441
130,51,61.667,10.667,,,,,,,,,,,130,57,69.879,12.879
131,82,80,-2,,,,,,,,,,,131,97,84.611,-12.389
132,40,53.4,13.4,,,,,,,,,,,132,82,73.843,-8.157
133,70,60.5,-9.5,,,,,,,,,,,133,64,68.509,4.509
134,84,84.818,0.818,,,,,,,,,,,134,73,65.943,-7.057
135,75,67.25,-7.75,,,,,,,,,,,135,93,77.386,-15.614
136,48,67,19,,,,,,,,,,,136,59,55.376,-3.624
137,41,67.667,26.667,,,,,,,,,,,137,78,55.285,-22.715
138,56,63.6,7.6,,,,,,,,,,,138,91,80.463,-10.537
139,67,69.476,2.476,,,,,,,,,,,139,80,67.633,-12.367
140,69,75.222,6.222,,,,,,,,,,,140,86,81.399,-4.601
141,71,73.917,2.917,,,,,,,,,,,141,63,64.112,1.112
142,64,61.111,-2.889,,,,,,,,,,,142,72,53.63,-18.37
143,54,69.5,15.5,,,,,,,,,,,143,85,70.1,-14.9
144,47,56.5,9.5,,,,,,,,,,,144,69,77.658,8.658
145,78,63.5,-14.5,,,,,,,,,,,145,72,81.303,9.303
146,33,61.111,28.111,,,,,,,,,,,146,54,55.376,1.376
147,75,62.6,-12.4,,,,,,,,,,,147,83,53.63,-29.37
148,66,60,-6,,,,,,,,,,,148,56,74.057,18.057
149,81,82,1,,,,,,,,,,,149,73,84.824,11.824
150,93,71.4,-21.6,,,,,,,,,,,150,71,60.678,-10.322
151,69,56.25,-12.75,,,,,,,,,,,151,80,82.729,2.729
152,68,70,2,,,,,,,,,,,152,82,77.77,-4.23
153,66,81.8,15.8,,,,,,,,,,,153,72,84.98,12.98
154,47,66.6,19.6,,,,,,,,,,,154,68,68.723,0.723
155,61,66,5,,,,,,,,,,,155,67,65.943,-1.057
156,88,84.818,-3.182,,,,,,,,,,,156,93,57.924,-35.076
157,78,75.5,-2.5,,,,,,,,,,,157,46,52.672,6.672
158,60,48.333,-11.667,,,,,,,,,,,158,71,59.715,-11.285
159,87,81.8,-5.2,,,,,,,,,,,159,50,64.914,14.914
160,64,65.857,1.857,,,,,,,,,,,160,60,50.491,-9.509
161,74,63.333,-10.667,,,,,,,,,,,161,43,65.943,22.943
162,85,69.5,-15.5,,,,,,,,,,,162,51,63.945,12.945
163,52,52,0,,,,,,,,,,,163,84,80.212,-3.788
164,49,62,13,,,,,,,,,,,164,60,45.596,-14.404
165,91,79.5,-11.5,,,,,,,,,,,165,61,67.928,6.928
166,100,85.143,-14.857,,,,,,,,,,,166,58,56.565,-1.435
167,51,51,0,,,,,,,,,,,167,81,63.05,-17.95
168,78,78,0,,,,,,,,,,,168,59,67.163,8.163
169,78,77.25,-0.75,,,,,,,,,,,169,76,78.452,2.452
170,70,73,3,,,,,,,,,,,170,66,52.819,-13.181
171,74,74,0,,,,,,,,,,,171,55,52.853,-2.147
172,78,59.75,-18.25,,,,,,,,,,,172,75,69.312,-5.688
173,81,76.818,-4.182,,,,,,,,,,,173,70,70.1,0.1
174,70,69.476,-0.524,,,,,,,,,,,174,84,81.399,-2.601
175,54,75.333,21.333,,,,,,,,,,,175,77,76.502,-0.498
176,87,79.667,-7.333,,,,,,,,,,,176,55,68.225,13.225
177,58,67.2,9.2,,,,,,,,,,,177,56,57.781,1.781
178,77,81.333,4.333,,,,,,,,,,,178,75,54.471,-20.529
179,62,78,16,,,,,,,,,,,179,64,73.561,9.561
180,100,82.333,-17.667,,,,,,,,,,,180,86,59.715,-26.285
181,75,67,-8,,,,,,,,,,,181,27,52.853,25.853
182,66,61.111,-4.889,,,,,,,,,,,182,65,60.678,-4.322
183,47,72,25,,,,,,,,,,,183,64,55.376,-8.624
184,70,76.667,6.667,,,,,,,,,,,184,66,80.213,14.213
185,49,53.4,4.4,,,,,,,,,,,185,90,76.25,-13.75
186,65,64.2,-0.8,,,,,,,,,,,186,90,67.17,-22.83
187,65,63.6,-1.4,,,,,,,,,,,187,66,82.729,16.729
188,68,74.375,6.375,,,,,,,,,,,188,54,58.776,4.776
189,45,45,0,,,,,,,,,,,189,68,77.77,9.77
190,87,83.75,-3.25,,,,,,,,,,,190,81,77.193,-3.807
191,69,78.875,9.875,,,,,,,,,,,191,75,70.586,-4.414
192,79,75.222,-3.778,,,,,,,,,,,192,100,76.125,-23.875
193,66,68.444,2.444,,,,,,,,,,,193,77,76.07,-0.93
194,62,75.222,13.222,,,,,,,,,,,194,69,74.951,5.951
195,85,79.667,-5.333,,,,,,,,,,,195,51,43.906,-7.094
196,52,63.615,11.615,,,,,,,,,,,196,78,79.177,1.177
197,65,53.4,-11.6,,,,,,,,,,,197,93,83.922,-9.078
198,51,51,0,,,,,,,,,,,198,85,60.891,-24.109
199,55,65.75,10.75,,,,,,,,,,,199,47,39.274,-7.726
200,76,81.667,5.667,,,,,,,,,,,200,54,55.402,1.402
201,86,81.333,-4.667,,,,,,,,,,,,,,
202,77,73,-4,,,,,,,,,,,,,,
203,69,64.462,-4.538,,,,,,,,,,,,,,
204,68,67.818,-0.182,,,,,,,,,,,,,,
205,42,58.154,16.154,,,,,,,,,,,,,,
206,78,74.375,-3.625,,,,,,,,,,,,,,
207,62,63,1,,,,,,,,,,,,,,
208,76,78.5,2.5,,,,,,,,,,,,,,
209,76,65.75,-10.25,,,,,,,,,,,,,,
210,66,65.75,-0.25,,,,,,,,,,,,,,
211,79,69,-10,,,,,,,,,,,,,,
212,27,54.857,27.857,,,,,,,,,,,,,,
213,60,52.4,-7.6,,,,,,,,,,,,,,
214,56,64.2,8.2,,,,,,,,,,,,,,
215,81,78.5,-2.5,,,,,,,,,,,,,,
216,75,67.667,-7.333,,,,,,,,,,,,,,
217,88,80.5,-7.5,,,,,,,,,,,,,,
218,39,52.4,13.4,,,,,,,,,,,,,,
219,70,40.8,-29.2,,,,,,,,,,,,,,
220,56,67.667,11.667,,,,,,,,,,,,,,
221,74,79,5,,,,,,,,,,,,,,
222,73,61.857,-11.143,,,,,,,,,,,,,,
223,62,51.286,-10.714,,,,,,,,,,,,,,
224,75,66,-9,,,,,,,,,,,,,,
225,73,81.8,8.8,,,,,,,,,,,,,,
226,54,68.667,14.667,,,,,,,,,,,,,,
227,71,72.789,1.789,,,,,,,,,,,,,,
228,54,58.786,4.786,,,,,,,,,,,,,,
229,64,53.4,-10.6,,,,,,,,,,,,,,
230,94,84.818,-9.182,,,,,,,,,,,,,,
231,66,63.5,-2.5,,,,,,,,,,,,,,
232,42,64.462,22.462,,,,,,,,,,,,,,
233,83,78.667,-4.333,,,,,,,,,,,,,,
234,78,59.75,-18.25,,,,,,,,,,,,,,
235,84,80,-4,,,,,,,,,,,,,,
236,77,63.615,-13.385,,,,,,,,,,,,,,
237,67,56.5,-10.5,,,,,,,,,,,,,,
238,74,82.333,8.333,,,,,,,,,,,,,,
239,51,53.714,2.714,,,,,,,,,,,,,,
240,80,64.462,-15.538,,,,,,,,,,,,,,
241,66,71,5,,,,,,,,,,,,,,
242,83,73.2,-9.8,,,,,,,,,,,,,,
243,55,68,13,,,,,,,,,,,,,,
244,43,63.333,20.333,,,,,,,,,,,,,,
245,69,66,-3,,,,,,,,,,,,,,
246,71,64.462,-6.538,,,,,,,,,,,,,,
247,74,63.667,-10.333,,,,,,,,,,,,,,
248,68,77.25,9.25,,,,,,,,,,,,,,
249,62,66.846,4.846,,,,,,,,,,,,,,
250,53,62,9,,,,,,,,,,,,,,
251,49,56.25,7.25,,,,,,,,,,,,,,
252,83,73,-10,,,,,,,,,,,,,,
253,70,65.6,-4.4,,,,,,,,,,,,,,
254,72,80,8,,,,,,,,,,,,,,
255,52,58.786,6.786,,,,,,,,,,,,,,
256,70,77.375,7.375,,,,,,,,,,,,,,
257,68,67.667,-0.333,,,,,,,,,,,,,,
258,77,75,-2,,,,,,,,,,,,,,
259,78,69.5,-8.5,,,,,,,,,,,,,,
260,81,81,0,,,,,,,,,,,,,,
261,77,68.6,-8.4,,,,,,,,,,,,,,
262,78,86,8,,,,,,,,,,,,,,
263,51,51.286,0.286,,,,,,,,,,,,,,
264,90,72,-18,,,,,,,,,,,,,,
265,68,58.786,-9.214,,,,,,,,,,,,,,
266,41,45.5,4.5,,,,,,,,,,,,,,
267,81,83.75,2.75,,,,,,,,,,,,,,
268,77,68,-9,,,,,,,,,,,,,,
269,95,84.667,-10.333,,,,,,,,,,,,,,
270,70,63.5,-6.5,,,,,,,,,,,,,,
271,61,67,6,,,,,,,,,,,,,,
272,42,58.154,16.154,,,,,,,,,,,,,,
273,58,58,0,,,,,,,,,,,,,,
274,71,76.818,5.818,,,,,,,,,,,,,,
275,76,78,2,,,,,,,,,,,,,,
276,73,67,-6,,,,,,,,,,,,,,
277,93,76.875,-16.125,,,,,,,,,,,,,,
278,75,77.5,2.5,,,,,,,,,,,,,,
279,80,51.286,-28.714,,,,,,,,,,,,,,
280,57,57.8,0.8,,,,,,,,,,,,,,
281,42,58.786,16.786,,,,,,,,,,,,,,
282,46,58.786,12.786,,,,,,,,,,,,,,
283,84,75.2,-8.8,,,,,,,,,,,,,,
284,78,75.833,-2.167,,,,,,,,,,,,,,
285,46,68.444,22.444,,,,,,,,,,,,,,
286,82,78.75,-3.25,,,,,,,,,,,,,,
287,88,70.286,-17.714,,,,,,,,,,,,,,
288,82,68.444,-13.556,,,,,,,,,,,,,,
289,76,57.8,-18.2,,,,,,,,,,,,,,
290,77,70.5,-6.5,,,,,,,,,,,,,,
291,68,64.462,-3.538,,,,,,,,,,,,,,
292,70,66,-4,,,,,,,,,,,,,,
293,57,66.75,9.75,,,,,,,,,,,,,,
294,75,73.2,-1.8,,,,,,,,,,,,,,
295,80,71,-9,,,,,,,,,,,,,,
296,60,52.75,-7.25,,,,,,,,,,,,,,
297,43,56.25,13.25,,,,,,,,,,,,,,
298,68,70.286,2.286,,,,,,,,,,,,,,
299,50,51,1,,,,,,,,,,,,,,
300,75,65.857,-9.143,,,,,,,,,,,,,,
301,81,67.5,-13.5,,,,,,,,,,,,,,
302,52,45.5,-6.5,,,,,,,,,,,,,,
303,81,81.333,0.333,,,,,,,,,,,,,,
304,64,61.857,-2.143,,,,,,,,,,,,,,
305,83,81.333,-1.667,,,,,,,,,,,,,,
306,69,56,-13,,,,,,,,,,,,,,
307,81,74.5,-6.5,,,,,,,,,,,,,,
308,44,54.5,10.5,,,,,,,,,,,,,,
309,67,65.4,-1.6,,,,,,,,,,,,,,
310,52,60.667,8.667,,,,,,,,,,,,,,
311,80,67.818,-12.182,,,,,,,,,,,,,,
312,57,59,2,,,,,,,,,,,,,,
313,68,71,3,,,,,,,,,,,,,,
314,69,77.333,8.333,,,,,,,,,,,,,,
315,75,85.143,10.143,,,,,,,,,,,,,,
316,65,62,-3,,,,,,,,,,,,,,
317,91,82.5,-8.5,,,,,,,,,,,,,,
318,78,64.462,-13.538,,,,,,,,,,,,,,
319,69,59,-10,,,,,,,,,,,,,,
320,63,58,-5,,,,,,,,,,,,,,
321,84,71,-13,,,,,,,,,,,,,,
322,79,72,-7,,,,,,,,,,,,,,
323,80,72.789,-7.211,,,,,,,,,,,,,,
324,53,51.286,-1.714,,,,,,,,,,,,,,
325,43,52.4,9.4,,,,,,,,,,,,,,
326,94,72.789,-21.211,,,,,,,,,,,,,,
327,62,58.154,-3.846,,,,,,,,,,,,,,
328,19,50,31,,,,,,,,,,,,,,
329,77,75,-2,,,,,,,,,,,,,,
330,51,68.444,17.444,,,,,,,,,,,,,,
331,61,62,1,,,,,,,,,,,,,,
332,35,64.462,29.462,,,,,,,,,,,,,,
333,53,70.286,17.286,,,,,,,,,,,,,,
334,81,61.857,-19.143,,,,,,,,,,,,,,
335,95,83.75,-11.25,,,,,,,,,,,,,,
336,66,65.75,-0.25,,,,,,,,,,,,,,
337,69,74.375,5.375,,,,,,,,,,,,,,
338,43,64.462,21.462,,,,,,,,,,,,,,
339,27,47.25,20.25,,,,,,,,,,,,,,
340,60,68.333,8.333,,,,,,,,,,,,,,
341,52,52.571,0.571,,,,,,,,,,,,,,
342,63,68.867,5.867,,,,,,,,,,,,,,
343,74,77.25,3.25,,,,,,,,,,,,,,
344,67,73,6,,,,,,,,,,,,,,
345,67,63.5,-3.5,,,,,,,,,,,,,,
346,75,68.867,-6.133,,,,,,,,,,,,,,
347,57,53.714,-3.286,,,,,,,,,,,,,,
348,95,85.143,-9.857,,,,,,,,,,,,,,
349,66,57.5,-8.5,,,,,,,,,,,,,,
350,76,63.667,-12.333,,,,,,,,,,,,,,
351,69,78.667,9.667,,,,,,,,,,,,,,
352,52,63.333,11.333,,,,,,,,,,,,,,
353,80,84.818,4.818,,,,,,,,,,,,,,
354,57,69.476,12.476,,,,,,,,,,,,,,
355,70,72.789,2.789,,,,,,,,,,,,,,
356,70,78.667,8.667,,,,,,,,,,,,,,
357,61,53.667,-7.333,,,,,,,,,,,,,,
358,69,73,4,,,,,,,,,,,,,,
359,61,58.375,-2.625,,,,,,,,,,,,,,
360,89,76.818,-12.182,,,,,,,,,,,,,,
361,59,66.846,7.846,,,,,,,,,,,,,,
362,78,67.667,-10.333,,,,,,,,,,,,,,
363,58,72.789,14.789,,,,,,,,,,,,,,
364,32,57,25,,,,,,,,,,,,,,
365,58,58.154,0.154,,,,,,,,,,,,,,
366,60,60,0,,,,,,,,,,,,,,
367,53,64.286,11.286,,,,,,,,,,,,,,
368,61,54.333,-6.667,,,,,,,,,,,,,,
369,58,53,-5,,,,,,,,,,,,,,
370,85,73.917,-11.083,,,,,,,,,,,,,,
371,71,63.333,-7.667,,,,,,,,,,,,,,
372,70,73,3,,,,,,,,,,,,,,
373,72,66,-6,,,,,,,,,,,,,,
374,96,86.429,-9.571,,,,,,,,,,,,,,
375,73,80.6,7.6,,,,,,,,,,,,,,
376,41,58.333,17.333,,,,,,,,,,,,,,
377,82,73.917,-8.083,,,,,,,,,,,,,,
378,100,81.667,-18.333,,,,,,,,,,,,,,
379,77,71,-6,,,,,,,,,,,,,,
380,62,70,8,,,,,,,,,,,,,,
381,83,67.818,-15.182,,,,,,,,,,,,,,
382,95,75,-20,,,,,,,,,,,,,,
383,71,62.333,-8.667,,,,,,,,,,,,,,
384,45,58,13,,,,,,,,,,,,,,
385,43,53,10,,,,,,,,,,,,,,
386,75,77.375,2.375,,,,,,,,,,,,,,
387,70,73.2,3.2,,,,,,,,,,,,,,
388,67,67.667,0.667,,,,,,,,,,,,,,
389,64,68,4,,,,,,,,,,,,,,
390,75,80,5,,,,,,,,,,,,,,
391,59,69.5,10.5,,,,,,,,,,,,,,
392,77,76.818,-0.182,,,,,,,,,,,,,,
393,67,63.333,-3.667,,,,,,,,,,,,,,
394,56,75,19,,,,,,,,,,,,,,
395,77,76.875,-0.125,,,,,,,,,,,,,,
396,41,44.667,3.667,,,,,,,,,,,,,,
397,63,59.5,-3.5,,,,,,,,,,,,,,
398,95,69.476,-25.524,,,,,,,,,,,,,,
399,57,62.6,5.6,,,,,,,,,,,,,,
400,54,66,12,,,,,,,,,,,,,,
401,67,76.875,9.875,,,,,,,,,,,,,,
402,43,56,13,,,,,,,,,,,,,,
403,55,56,1,,,,,,,,,,,,,,
404,100,79,-21,,,,,,,,,,,,,,
405,62,68.867,6.867,,,,,,,,,,,,,,
406,68,71.75,3.75,,,,,,,,,,,,,,
407,63,78.75,15.75,,,,,,,,,,,,,,
408,77,67.818,-9.182,,,,,,,,,,,,,,
409,56,63.5,7.5,,,,,,,,,,,,,,
410,85,73,-12,,,,,,,,,,,,,,
411,74,82.5,8.5,,,,,,,,,,,,,,
412,78,74.5,-3.5,,,,,,,,,,,,,,
413,60,63.615,3.615,,,,,,,,,,,,,,
414,67,67.667,0.667,,,,,,,,,,,,,,
415,79,75.333,-3.667,,,,,,,,,,,,,,
416,69,63.6,-5.4,,,,,,,,,,,,,,
417,68,80,12,,,,,,,,,,,,,,
418,67,64.462,-2.538,,,,,,,,,,,,,,
419,62,63.5,1.5,,,,,,,,,,,,,,
420,54,64.5,10.5,,,,,,,,,,,,,,
421,93,77.333,-15.667,,,,,,,,,,,,,,
422,64,79,15,,,,,,,,,,,,,,
423,67,81.667,14.667,,,,,,,,,,,,,,
424,80,89.667,9.667,,,,,,,,,,,,,,
425,34,48.333,14.333,,,,,,,,,,,,,,
426,62,61.111,-0.889,,,,,,,,,,,,,,
427,86,67,-19,,,,,,,,,,,,,,
428,65,60,-5,,,,,,,,,,,,,,
429,53,53.4,0.4,,,,,,,,,,,,,,
430,54,60,6,,,,,,,,,,,,,,
431,59,60,1,,,,,,,,,,,,,,
432,70,68.867,-1.133,,,,,,,,,,,,,,
433,55,62,7,,,,,,,,,,,,,,
434,50,53,3,,,,,,,,,,,,,,
435,66,54.5,-11.5,,,,,,,,,,,,,,
436,53,61.5,8.5,,,,,,,,,,,,,,
437,64,63.615,-0.385,,,,,,,,,,,,,,
438,73,65.857,-7.143,,,,,,,,,,,,,,
439,51,62,11,,,,,,,,,,,,,,
440,82,74.375,-7.625,,,,,,,,,,,,,,
441,79,84.818,5.818,,,,,,,,,,,,,,
442,80,68,-12,,,,,,,,,,,,,,
443,69,53,-16,,,,,,,,,,,,,,
444,76,67.818,-8.182,,,,,,,,,,,,,,
445,73,53.4,-19.6,,,,,,,,,,,,,,
446,77,76.875,-0.125,,,,,,,,,,,,,,
447,60,58.375,-1.625,,,,,,,,,,,,,,
448,80,64.286,-15.714,,,,,,,,,,,,,,
449,42,56.444,14.444,,,,,,,,,,,,,,
450,72,61.857,-10.143,,,,,,,,,,,,,,
451,85,73,-12,,,,,,,,,,,,,,
452,97,77.375,-19.625,,,,,,,,,,,,,,
453,74,67.667,-6.333,,,,,,,,,,,,,,
454,49,54.857,5.857,,,,,,,,,,,,,,
455,62,67.667,5.667,,,,,,,,,,,,,,
456,47,54.333,7.333,,,,,,,,,,,,,,
457,89,80.6,-8.4,,,,,,,,,,,,,,
458,48,65.857,17.857,,,,,,,,,,,,,,
459,100,73.2,-26.8,,,,,,,,,,,,,,
460,68,59.5,-8.5,,,,,,,,,,,,,,
461,55,54.333,-0.667,,,,,,,,,,,,,,
462,45,48.333,3.333,,,,,,,,,,,,,,
463,76,77.375,1.375,,,,,,,,,,,,,,
464,91,61.111,-29.889,,,,,,,,,,,,,,
465,62,76.667,14.667,,,,,,,,,,,,,,
466,91,72.789,-18.211,,,,,,,,,,,,,,
467,38,58,20,,,,,,,,,,,,,,
468,65,65,0,,,,,,,,,,,,,,
469,85,62,-23,,,,,,,,,,,,,,
470,76,58.154,-17.846,,,,,,,,,,,,,,
471,90,81.333,-8.667,,,,,,,,,,,,,,
472,74,68.867,-5.133,,,,,,,,,,,,,,
473,84,81.333,-2.667,,,,,,,,,,,,,,
474,61,73.917,12.917,,,,,,,,,,,,,,
475,91,81.8,-9.2,,,,,,,,,,,,,,
476,83,82,-1,,,,,,,,,,,,,,
477,66,76.75,10.75,,,,,,,,,,,,,,
478,72,63.615,-8.385,,,,,,,,,,,,,,
479,70,80,10,,,,,,,,,,,,,,
480,67,63.667,-3.333,,,,,,,,,,,,,,
481,68,59.5,-8.5,,,,,,,,,,,,,,
482,56,58,2,,,,,,,,,,,,,,
483,61,54.857,-6.143,,,,,,,,,,,,,,
484,46,56.5,10.5,,,,,,,,,,,,,,
485,54,67.818,13.818,,,,,,,,,,,,,,
486,71,62,-9,,,,,,,,,,,,,,
487,56,58.375,2.375,,,,,,,,,,,,,,
488,74,67.667,-6.333,,,,,,,,,,,,,,
489,57,67.667,10.667,,,,,,,,,,,,,,
490,82,67.5,-14.5,,,,,,,,,,,,,,
491,76,60,-16,,,,,,,,,,,,,,
492,70,69.476,-0.524,,,,,,,,,,,,,,
493,90,72.789,-17.211,,,,,,,,,,,,,,
494,90,83.75,-6.25,,,,,,,,,,,,,,
495,68,66.846,-1.154,,,,,,,,,,,,,,
496,66,57,-9,,,,,,,,,,,,,,
497,52,72.789,20.789,,,,,,,,,,,,,,
498,76,75.833,-0.167,,,,,,,,,,,,,,
499,68,68.444,0.444,,,,,,,,,,,,,,
500,72,63.333,-8.667,,,,,,,,,,,,,,
501,82,80,-2,,,,,,,,,,,,,,
502,92,81.8,-10.2,,,,,,,,,,,,,,
503,54,54.857,0.857,,,,,,,,,,,,,,
504,92,88.8,-3.2,,,,,,,,,,,,,,
505,54,54,0,,,,,,,,,,,,,,
506,80,68.444,-11.556,,,,,,,,,,,,,,
507,66,56.5,-9.5,,,,,,,,,,,,,,
508,54,57.8,3.8,,,,,,,,,,,,,,
509,77,68,-9,,,,,,,,,,,,,,
510,87,83.75,-3.25,,,,,,,,,,,,,,
511,73,63.5,-9.5,,,,,,,,,,,,,,
512,43,44.25,1.25,,,,,,,,,,,,,,
513,52,45.5,-6.5,,,,,,,,,,,,,,
514,62,65.6,3.6,,,,,,,,,,,,,,
515,94,78,-16,,,,,,,,,,,,,,
516,85,76.875,-8.125,,,,,,,,,,,,,,
517,84,76.818,-7.182,,,,,,,,,,,,,,
518,73,77.5,4.5,,,,,,,,,,,,,,
519,78,82.333,4.333,,,,,,,,,,,,,,
520,79,67.2,-11.8,,,,,,,,,,,,,,
521,52,63.5,11.5,,,,,,,,,,,,,,
522,84,69.476,-14.524,,,,,,,,,,,,,,
523,57,66.6,9.6,,,,,,,,,,,,,,
524,50,62.333,12.333,,,,,,,,,,,,,,
525,49,64.286,15.286,,,,,,,,,,,,,,
526,59,63.333,4.333,,,,,,,,,,,,,,
527,60,53.4,-6.6,,,,,,,,,,,,,,
528,43,52.4,9.4,,,,,,,,,,,,,,
529,47,75.2,28.2,,,,,,,,,,,,,,
530,70,69.476,-0.524,,,,,,,,,,,,,,
531,73,81.333,8.333,,,,,,,,,,,,,,
532,53,71.75,18.75,,,,,,,,,,,,,,
533,58,70.286,12.286,,,,,,,,,,,,,,
534,94,88.8,-5.2,,,,,,,,,,,,,,
535,68,59.5,-8.5,,,,,,,,,,,,,,
536,83,75.333,-7.667,,,,,,,,,,,,,,
537,58,75,17,,,,,,,,,,,,,,
538,62,68,6,,,,,,,,,,,,,,
539,71,76.75,5.75,,,,,,,,,,,,,,
540,86,86,0,,,,,,,,,,,,,,
541,68,64.286,-3.714,,,,,,,,,,,,,,
542,80,76.5,-3.5,,,,,,,,,,,,,,
543,79,69.476,-9.524,,,,,,,,,,,,,,
544,89,76.667,-12.333,,,,,,,,,,,,,,
545,66,80,14,,,,,,,,,,,,,,
546,80,69.5,-10.5,,,,,,,,,,,,,,
547,97,89.667,-7.333,,,,,,,,,,,,,,
548,64,64.286,0.286,,,,,,,,,,,,,,
549,64,52.4,-11.6,,,,,,,,,,,,,,
550,69,68,-1,,,,,,,,,,,,,,
551,65,60,-5,,,,,,,,,,,,,,
552,88,88,0,,,,,,,,,,,,,,
553,50,67.818,17.818,,,,,,,,,,,,,,
554,64,58.375,-5.625,,,,,,,,,,,,,,
555,40,63.667,23.667,,,,,,,,,,,,,,
556,33,61.111,28.111,,,,,,,,,,,,,,
557,79,81.333,2.333,,,,,,,,,,,,,,
558,66,62.333,-3.667,,,,,,,,,,,,,,
559,70,65.4,-4.6,,,,,,,,,,,,,,
560,62,66,4,,,,,,,,,,,,,,
561,79,86.429,7.429,,,,,,,,,,,,,,
562,74,72.789,-1.211,,,,,,,,,,,,,,
563,92,80,-12,,,,,,,,,,,,,,
564,80,75.833,-4.167,,,,,,,,,,,,,,
565,46,57.8,11.8,,,,,,,,,,,,,,
566,45,61.857,16.857,,,,,,,,,,,,,,
567,100,100,0,,,,,,,,,,,,,,
568,78,81.667,3.667,,,,,,,,,,,,,,
569,47,40.8,-6.2,,,,,,,,,,,,,,
570,67,56.5,-10.5,,,,,,,,,,,,,,
571,70,78,8,,,,,,,,,,,,,,
572,92,70,-22,,,,,,,,,,,,,,
573,56,72.789,16.789,,,,,,,,,,,,,,
574,64,71,7,,,,,,,,,,,,,,
575,71,72,1,,,,,,,,,,,,,,
576,53,67.5,14.5,,,,,,,,,,,,,,
577,52,69.333,17.333,,,,,,,,,,,,,,
578,89,66.846,-22.154,,,,,,,,,,,,,,
579,58,67,9,,,,,,,,,,,,,,
580,68,80,12,,,,,,,,,,,,,,
581,96,73.917,-22.083,,,,,,,,,,,,,,
582,80,80,0,,,,,,,,,,,,,,
583,78,75.2,-2.8,,,,,,,,,,,,,,
584,80,84.667,4.667,,,,,,,,,,,,,,
585,77,76.818,-0.182,,,,,,,,,,,,,,
586,76,69.476,-6.524,,,,,,,,,,,,,,
587,73,68,-5,,,,,,,,,,,,,,
588,62,66.6,4.6,,,,,,,,,,,,,,
589,65,72.789,7.789,,,,,,,,,,,,,,
590,65,71,6,,,,,,,,,,,,,,
591,54,54.857,0.857,,,,,,,,,,,,,,
592,50,44.25,-5.75,,,,,,,,,,,,,,
593,64,63,-1,,,,,,,,,,,,,,
594,73,72,-1,,,,,,,,,,,,,,
595,99,85.143,-13.857,,,,,,,,,,,,,,
596,72,85.143,13.143,,,,,,,,,,,,,,
597,15,40.8,25.8,,,,,,,,,,,,,,
598,48,44.25,-3.75,,,,,,,,,,,,,,
599,73,68,-5,,,,,,,,,,,,,,
600,81,73.917,-7.083,,,,,,,,,,,,,,
601,63,80,17,,,,,,,,,,,,,,
602,30,68.867,38.867,,,,,,,,,,,,,,
603,80,77.375,-2.625,,,,,,,,,,,,,,
604,51,57.5,6.5,,,,,,,,,,,,,,
605,90,90,0,,,,,,,,,,,,,,
606,62,54.5,-7.5,,,,,,,,,,,,,,
607,82,69.476,-12.524,,,,,,,,,,,,,,
608,54,57.5,3.5,,,,,,,,,,,,,,
609,62,77.375,15.375,,,,,,,,,,,,,,
610,65,67.818,2.818,,,,,,,,,,,,,,
611,63,63,0,,,,,,,,,,,,,,
612,66,72.789,6.789,,,,,,,,,,,,,,
613,91,80,-11,,,,,,,,,,,,,,
614,74,69.476,-4.524,,,,,,,,,,,,,,
615,93,93,0,,,,,,,,,,,,,,
616,72,68.867,-3.133,,,,,,,,,,,,,,
617,38,73.2,35.2,,,,,,,,,,,,,,
618,83,66.6,-16.4,,,,,,,,,,,,,,
619,84,80,-4,,,,,,,,,,,,,,
620,68,64.2,-3.8,,,,,,,,,,,,,,
621,54,52.4,-1.6,,,,,,,,,,,,,,
622,56,57.8,1.8,,,,,,,,,,,,,,
623,52,51,-1,,,,,,,,,,,,,,
624,86,69.333,-16.667,,,,,,,,,,,,,,
625,62,62,0,,,,,,,,,,,,,,
626,99,75.222,-23.778,,,,,,,,,,,,,,
627,63,63.333,0.333,,,,,,,,,,,,,,
628,46,63.615,17.615,,,,,,,,,,,,,,
629,46,58.375,12.375,,,,,,,,,,,,,,
630,55,76.875,21.875,,,,,,,,,,,,,,
631,70,63.5,-6.5,,,,,,,,,,,,,,
632,65,56.444,-8.556,,,,,,,,,,,,,,
633,81,81,0,,,,,,,,,,,,,,
634,85,68.867,-16.133,,,,,,,,,,,,,,
635,80,66,-14,,,,,,,,,,,,,,
636,64,56.5,-7.5,,,,,,,,,,,,,,
637,81,67.2,-13.8,,,,,,,,,,,,,,
638,88,82.333,-5.667,,,,,,,,,,,,,,
639,74,63.333,-10.667,,,,,,,,,,,,,,
640,73,76.667,3.667,,,,,,,,,,,,,,
641,51,58.786,7.786,,,,,,,,,,,,,,
642,90,82,-8,,,,,,,,,,,,,,
643,79,47.25,-31.75,,,,,,,,,,,,,,
644,80,77.5,-2.5,,,,,,,,,,,,,,
645,60,56.444,-3.556,,,,,,,,,,,,,,
646,81,81,0,,,,,,,,,,,,,,
647,65,76.667,11.667,,,,,,,,,,,,,,
648,68,55,-13,,,,,,,,,,,,,,
649,55,66.846,11.846,,,,,,,,,,,,,,
650,81,86.429,5.429,,,,,,,,,,,,,,
651,53,53.4,0.4,,,,,,,,,,,,,,
652,76,77.5,1.5,,,,,,,,,,,,,,
653,98,86.429,-11.571,,,,,,,,,,,,,,
654,74,68,-6,,,,,,,,,,,,,,
655,79,68.444,-10.556,,,,,,,,,,,,,,
656,67,69.5,2.5,,,,,,,,,,,,,,
657,64,60,-4,,,,,,,,,,,,,,
658,61,66,5,,,,,,,,,,,,,,
659,58,58,0,,,,,,,,,,,,,,
660,85,63.615,-21.385,,,,,,,,,,,,,,
661,73,54.857,-18.143,,,,,,,,,,,,,,
662,63,54.5,-8.5,,,,,,,,,,,,,,
663,69,73,4,,,,,,,,,,,,,,
664,67,68.867,1.867,,,,,,,,,,,,,,
665,63,63.615,0.615,,,,,,,,,,,,,,
666,60,68.6,8.6,,,,,,,,,,,,,,
667,71,73,2,,,,,,,,,,,,,,
668,87,81.667,-5.333,,,,,,,,,,,,,,
669,61,58.154,-2.846,,,,,,,,,,,,,,
670,77,73,-4,,,,,,,,,,,,,,
671,68,52.4,-15.6,,,,,,,,,,,,,,
672,50,65.857,15.857,,,,,,,,,,,,,,
673,76,72.789,-3.211,,,,,,,,,,,,,,
674,84,81.333,-2.667,,,,,,,,,,,,,,
675,78,79,1,,,,,,,,,,,,,,
676,66,79,13,,,,,,,,,,,,,,
677,76,77.5,1.5,,,,,,,,,,,,,,
678,76,76.875,0.875,,,,,,,,,,,,,,
679,78,65.857,-12.143,,,,,,,,,,,,,,
680,60,58.375,-1.625,,,,,,,,,,,,,,
681,74,68,-6,,,,,,,,,,,,,,
682,60,56.444,-3.556,,,,,,,,,,,,,,
683,54,56.444,2.444,,,,,,,,,,,,,,
684,44,68.6,24.6,,,,,,,,,,,,,,
685,68,78,10,,,,,,,,,,,,,,
686,100,97.5,-2.5,,,,,,,,,,,,,,
687,68,74.5,6.5,,,,,,,,,,,,,,
688,73,65.857,-7.143,,,,,,,,,,,,,,
689,44,44.667,0.667,,,,,,,,,,,,,,
690,83,83,0,,,,,,,,,,,,,,
691,53,69.476,16.476,,,,,,,,,,,,,,
692,78,71,-7,,,,,,,,,,,,,,
693,81,75.333,-5.667,,,,,,,,,,,,,,
694,73,76.667,3.667,,,,,,,,,,,,,,
695,56,71.75,15.75,,,,,,,,,,,,,,
696,86,73,-13,,,,,,,,,,,,,,
697,90,81.333,-8.667,,,,,,,,,,,,,,
698,70,61.667,-8.333,,,,,,,,,,,,,,
699,79,84.667,5.667,,,,,,,,,,,,,,
700,59,52.571,-6.429,,,,,,,,,,,,,,
701,82,84,2,,,,,,,,,,,,,,
702,72,68.444,-3.556,,,,,,,,,,,,,,
703,87,76.667,-10.333,,,,,,,,,,,,,,
704,67,76.818,9.818,,,,,,,,,,,,,,
705,64,75.75,11.75,,,,,,,,,,,,,,
706,65,65,0,,,,,,,,,,,,,,
707,36,58.786,22.786,,,,,,,,,,,,,,
708,52,58.154,6.154,,,,,,,,,,,,,,
709,79,58.786,-20.214,,,,,,,,,,,,,,
710,58,82,24,,,,,,,,,,,,,,
711,90,86,-4,,,,,,,,,,,,,,
712,85,85,0,,,,,,,,,,,,,,
713,99,76.818,-22.182,,,,,,,,,,,,,,
714,84,80,-4,,,,,,,,,,,,,,
715,74,65.6,-8.4,,,,,,,,,,,,,,
716,87,83.5,-3.5,,,,,,,,,,,,,,
717,72,75,3,,,,,,,,,,,,,,
718,99,81.333,-17.667,,,,,,,,,,,,,,
719,74,68.867,-5.133,,,,,,,,,,,,,,
720,80,71.4,-8.6,,,,,,,,,,,,,,
721,70,61.111,-8.889,,,,,,,,,,,,,,
722,59,69,10,,,,,,,,,,,,,,
723,88,75.75,-12.25,,,,,,,,,,,,,,
724,42,62,20,,,,,,,,,,,,,,
725,41,53.714,12.714,,,,,,,,,,,,,,
726,71,74.5,3.5,,,,,,,,,,,,,,
727,77,88.8,11.8,,,,,,,,,,,,,,
728,57,70.5,13.5,,,,,,,,,,,,,,
729,84,60.667,-23.333,,,,,,,,,,,,,,
730,37,58.154,21.154,,,,,,,,,,,,,,
731,80,83.5,3.5,,,,,,,,,,,,,,
732,43,53.4,10.4,,,,,,,,,,,,,,
733,94,84.818,-9.182,,,,,,,,,,,,,,
734,44,66,22,,,,,,,,,,,,,,
735,57,63.5,6.5,,,,,,,,,,,,,,
736,59,68,9,,,,,,,,,,,,,,
737,84,64.462,-19.538,,,,,,,,,,,,,,
738,73,67,-6,,,,,,,,,,,,,,
739,73,63.615,-9.385,,,,,,,,,,,,,,
740,55,52.571,-2.429,,,,,,,,,,,,,,
741,72,66.6,-5.4,,,,,,,,,,,,,,
742,56,60,4,,,,,,,,,,,,,,
743,82,68.867,-13.133,,,,,,,,,,,,,,
744,72,81.333,9.333,,,,,,,,,,,,,,
745,47,48.333,1.333,,,,,,,,,,,,,,
746,74,63.615,-10.385,,,,,,,,,,,,,,
747,71,58.786,-12.214,,,,,,,,,,,,,,
748,68,58.154,-9.846,,,,,,,,,,,,,,
749,59,66.6,7.6,,,,,,,,,,,,,,
750,86,78,-8,,,,,,,,,,,,,,
751,68,74.375,6.375,,,,,,,,,,,,,,
752,65,63.333,-1.667,,,,,,,,,,,,,,
753,75,67,-8,,,,,,,,,,,,,,
754,85,76.875,-8.125,,,,,,,,,,,,,,
755,53,60,7,,,,,,,,,,,,,,
756,92,78.875,-13.125,,,,,,,,,,,,,,
757,52,63.5,11.5,,,,,,,,,,,,,,
758,72,72,0,,,,,,,,,,,,,,
759,65,75.833,10.833,,,,,,,,,,,,,,
760,77,78,1,,,,,,,,,,,,,,
761,64,52.4,-11.6,,,,,,,,,,,,,,
762,54,73.917,19.917,,,,,,,,,,,,,,
763,86,74.375,-11.625,,,,,,,,,,,,,,
764,63,66.846,3.846,,,,,,,,,,,,,,
765,59,63.5,4.5,,,,,,,,,,,,,,
766,72,66.846,-5.154,,,,,,,,,,,,,,
767,77,75.5,-1.5,,,,,,,,,,,,,,
768,60,59.5,-0.5,,,,,,,,,,,,,,
769,75,73.917,-1.083,,,,,,,,,,,,,,
770,57,50,-7,,,,,,,,,,,,,,
771,49,56.444,7.444,,,,,,,,,,,,,,
772,74,66.6,-7.4,,,,,,,,,,,,,,
773,72,75.75,3.75,,,,,,,,,,,,,,
774,79,66.6,-12.4,,,,,,,,,,,,,,
775,60,53.714,-6.286,,,,,,,,,,,,,,
776,55,47.25,-7.75,,,,,,,,,,,,,,
777,70,66.846,-3.154,,,,,,,,,,,,,,
778,43,61.111,18.111,,,,,,,,,,,,,,
779,82,86.5,4.5,,,,,,,,,,,,,,
780,82,70.286,-11.714,,,,,,,,,,,,,,
781,57,58,1,,,,,,,,,,,,,,
782,84,88.5,4.5,,,,,,,,,,,,,,
783,82,67.2,-14.8,,,,,,,,,,,,,,
784,62,81.333,19.333,,,,,,,,,,,,,,
785,79,80,1,,,,,,,,,,,,,,
786,44,65.6,21.6,,,,,,,,,,,,,,
787,77,58,-19,,,,,,,,,,,,,,
788,32,69.5,37.5,,,,,,,,,,,,,,
789,61,60,-1,,,,,,,,,,,,,,
790,61,57.5,-3.5,,,,,,,,,,,,,,
791,60,66.846,6.846,,,,,,,,,,,,,,
792,70,73,3,,,,,,,,,,,,,,
793,69,57.5,-11.5,,,,,,,,,,,,,,
794,77,70.5,-6.5,,,,,,,,,,,,,,
795,51,66.846,15.846,,,,,,,,,,,,,,
796,73,80.5,7.5,,,,,,,,,,,,,,
797,70,58.786,-11.214,,,,,,,,,,,,,,
798,81,71,-10,,,,,,,,,,,,,,
799,54,63.333,9.333,,,,,,,,,,,,,,
800,57,69.476,12.476,,,,,,,,,,,,,,
801,68,66.75,-1.25,,,,,,,,,,,,,,
802,73,66.75,-6.25,,,,,,,,,,,,,,
803,95,78.875,-16.125,,,,,,,,,,,,,,
804,87,69.5,-17.5,,,,,,,,,,,,,,
805,78,72.789,-5.211,,,,,,,,,,,,,,
806,74,50,-24,,,,,,,,,,,,,,
807,75,73,-2,,,,,,,,,,,,,,
808,40,55,15,,,,,,,,,,,,,,
809,69,62,-7,,,,,,,,,,,,,,
810,51,59,8,,,,,,,,,,,,,,
811,36,44.25,8.25,,,,,,,,,,,,,,
812,49,44.667,-4.333,,,,,,,,,,,,,,
813,67,79.667,12.667,,,,,,,,,,,,,,
814,76,70.5,-5.5,,,,,,,,,,,,,,
815,83,68.867,-14.133,,,,,,,,,,,,,,
816,87,67.667,-19.333,,,,,,,,,,,,,,
817,64,61.667,-2.333,,,,,,,,,,,,,,
818,76,67.25,-8.75,,,,,,,,,,,,,,
819,68,59.5,-8.5,,,,,,,,,,,,,,
820,88,71.75,-16.25,,,,,,,,,,,,,,
821,92,89.667,-2.333,,,,,,,,,,,,,,
822,93,75.2,-17.8,,,,,,,,,,,,,,
823,51,60.5,9.5,,,,,,,,,,,,,,
824,82,59.5,-22.5,,,,,,,,,,,,,,
825,52,51.286,-0.714,,,,,,,,,,,,,,
826,58,62,4,,,,,,,,,,,,,,
827,70,77.333,7.333,,,,,,,,,,,,,,
828,76,71.75,-4.25,,,,,,,,,,,,,,
829,81,68.333,-12.667,,,,,,,,,,,,,,
830,53,62.6,9.6,,,,,,,,,,,,,,
831,57,56,-1,,,,,,,,,,,,,,
832,89,75.333,-13.667,,,,,,,,,,,,,,
833,58,70,12,,,,,,,,,,,,,,
834,89,77.25,-11.75,,,,,,,,,,,,,,
835,45,53.714,8.714,,,,,,,,,,,,,,
836,74,75.5,1.5,,,,,,,,,,,,,,
837,57,63.6,6.6,,,,,,,,,,,,,,
838,79,77.5,-1.5,,,,,,,,,,,,,,
839,53,63.333,10.333,,,,,,,,,,,,,,
840,73,69.476,-3.524,,,,,,,,,,,,,,
841,46,60.667,14.667,,,,,,,,,,,,,,
842,51,54.5,3.5,,,,,,,,,,,,,,
843,36,67.2,31.2,,,,,,,,,,,,,,
844,76,67.333,-8.667,,,,,,,,,,,,,,
845,64,68.333,4.333,,,,,,,,,,,,,,
846,84,84,0,,,,,,,,,,,,,,
847,85,85,0,,,,,,,,,,,,,,
848,50,58.786,8.786,,,,,,,,,,,,,,
849,68,68.867,0.867,,,,,,,,,,,,,,
850,69,63.615,-5.385,,,,,,,,,,,,,,
851,67,68,1,,,,,,,,,,,,,,
852,63,68,5,,,,,,,,,,,,,,
853,93,77.375,-15.625,,,,,,,,,,,,,,
854,61,59.75,-1.25,,,,,,,,,,,,,,
855,55,54.5,-0.5,,,,,,,,,,,,,,
856,96,78.667,-17.333,,,,,,,,,,,,,,
857,65,48.333,-16.667,,,,,,,,,,,,,,
858,81,83.75,2.75,,,,,,,,,,,,,,
859,46,59.5,13.5,,,,,,,,,,,,,,
860,72,60,-12,,,,,,,,,,,,,,
861,53,69.476,16.476,,,,,,,,,,,,,,
862,87,68.667,-18.333,,,,,,,,,,,,,,
863,38,67.25,29.25,,,,,,,,,,,,,,
864,80,84.818,4.818,,,,,,,,,,,,,,
865,91,64.462,-26.538,,,,,,,,,,,,,,
866,88,75.222,-12.778,,,,,,,,,,,,,,
867,52,52.571,0.571,,,,,,,,,,,,,,
868,41,61.857,20.857,,,,,,,,,,,,,,
869,72,71.4,-0.6,,,,,,,,,,,,,,
870,51,60,9,,,,,,,,,,,,,,
871,47,56.444,9.444,,,,,,,,,,,,,,
872,76,84.818,8.818,,,,,,,,,,,,,,
873,78,78.75,0.75,,,,,,,,,,,,,,
874,82,58.333,-23.667,,,,,,,,,,,,,,
875,61,66.6,5.6,,,,,,,,,,,,,,
876,66,54.857,-11.143,,,,,,,,,,,,,,
877,84,63.5,-20.5,,,,,,,,,,,,,,
878,54,54.5,0.5,,,,,,,,,,,,,,
879,80,73.917,-6.083,,,,,,,,,,,,,,
880,74,76.667,2.667,,,,,,,,,,,,,,
881,66,80,14,,,,,,,,,,,,,,
882,70,84,14,,,,,,,,,,,,,,
883,71,59.5,-11.5,,,,,,,,,,,,,,
884,44,56.5,12.5,,,,,,,,,,,,,,
885,54,78.875,24.875,,,,,,,,,,,,,,
886,80,81.333,1.333,,,,,,,,,,,,,,
887,95,88.8,-6.2,,,,,,,,,,,,,,
888,59,52.571,-6.429,,,,,,,,,,,,,,
889,74,73,-1,,,,,,,,,,,,,,
890,48,57.5,9.5,,,,,,,,,,,,,,
891,91,77.5,-13.5,,,,,,,,,,,,,,
892,85,78.875,-6.125,,,,,,,,,,,,,,
893,73,73,0,,,,,,,,,,,,,,
894,75,74.375,-0.625,,,,,,,,,,,,,,
895,69,78.875,9.875,,,,,,,,,,,,,,
896,38,58,20,,,,,,,,,,,,,,
897,27,40.8,13.8,,,,,,,,,,,,,,
898,79,75.75,-3.25,,,,,,,,,,,,,,
899,63,73,10,,,,,,,,,,,,,,
900,82,82.333,0.333,,,,,,,,,,,,,,
901,89,80,-9,,,,,,,,,,,,,,
902,74,74,0,,,,,,,,,,,,,,
903,41,62,21,,,,,,,,,,,,,,
904,100,100,0,,,,,,,,,,,,,,
905,84,57,-27,,,,,,,,,,,,,,
906,77,63.5,-13.5,,,,,,,,,,,,,,
907,51,56.444,5.444,,,,,,,,,,,,,,
908,91,86.429,-4.571,,,,,,,,,,,,,,
909,72,66.6,-5.4,,,,,,,,,,,,,,
910,70,76.75,6.75,,,,,,,,,,,,,,
911,48,56.5,8.5,,,,,,,,,,,,,,
912,82,70,-12,,,,,,,,,,,,,,
913,66,85.143,19.143,,,,,,,,,,,,,,
914,66,75.333,9.333,,,,,,,,,,,,,,
915,55,65.4,10.4,,,,,,,,,,,,,,
916,66,77.375,11.375,,,,,,,,,,,,,,
917,100,76.75,-23.25,,,,,,,,,,,,,,
918,52,68.867,16.867,,,,,,,,,,,,,,
919,80,81.333,1.333,,,,,,,,,,,,,,
920,91,78,-13,,,,,,,,,,,,,,
921,67,57.5,-9.5,,,,,,,,,,,,,,
922,46,52.4,6.4,,,,,,,,,,,,,,
923,66,58.786,-7.214,,,,,,,,,,,,,,
924,65,65.4,0.4,,,,,,,,,,,,,,
925,69,57.5,-11.5,,,,,,,,,,,,,,
926,60,70.5,10.5,,,,,,,,,,,,,,
927,52,58.333,6.333,,,,,,,,,,,,,,
928,71,63.5,-7.5,,,,,,,,,,,,,,
929,44,71.4,27.4,,,,,,,,,,,,,,
930,51,51.286,0.286,,,,,,,,,,,,,,
931,70,61.5,-8.5,,,,,,,,,,,,,,
932,62,58.375,-3.625,,,,,,,,,,,,,,
933,73,76.5,3.5,,,,,,,,,,,,,,
934,74,74,0,,,,,,,,,,,,,,
935,90,75,-15,,,,,,,,,,,,,,
936,58,58.375,0.375,,,,,,,,,,,,,,
937,53,53.667,0.667,,,,,,,,,,,,,,
938,57,55,-2,,,,,,,,,,,,,,
939,85,75.222,-9.778,,,,,,,,,,,,,,
940,69,74.375,5.375,,,,,,,,,,,,,,
941,72,67,-5,,,,,,,,,,,,,,
942,96,80,-16,,,,,,,,,,,,,,
943,64,62,-2,,,,,,,,,,,,,,
944,61,61,0,,,,,,,,,,,,,,
945,61,66.846,5.846,,,,,,,,,,,,,,
946,58,69.476,11.476,,,,,,,,,,,,,,
947,80,56.444,-23.556,,,,,,,,,,,,,,
948,60,73,13,,,,,,,,,,,,,,
949,52,52,0,,,,,,,,,,,,,,
950,73,75.5,2.5,,,,,,,,,,,,,,
951,71,63.6,-7.4,,,,,,,,,,,,,,
952,83,86.429,3.429,,,,,,,,,,,,,,
953,72,58,-14,,,,,,,,,,,,,,
954,54,64.286,10.286,,,,,,,,,,,,,,
955,69,72.789,3.789,,,,,,,,,,,,,,
956,62,63.667,1.667,,,,,,,,,,,,,,
957,81,58.154,-22.846,,,,,,,,,,,,,,
958,100,80,-20,,,,,,,,,,,,,,
959,59,68,9,,,,,,,,,,,,,,
960,71,62,-9,,,,,,,,,,,,,,
961,64,70,6,,,,,,,,,,,,,,
962,53,57,4,,,,,,,,,,,,,,
963,100,78.875,-21.125,,,,,,,,,,,,,,
964,75,68.6,-6.4,,,,,,,,,,,,,,
965,58,63.5,5.5,,,,,,,,,,,,,,
966,72,76.818,4.818,,,,,,,,,,,,,,
967,64,56.25,-7.75,,,,,,,,,,,,,,
968,60,58.154,-1.846,,,,,,,,,,,,,,
969,67,78.875,11.875,,,,,,,,,,,,,,
970,80,78.667,-1.333,,,,,,,,,,,,,,
971,100,80.6,-19.4,,,,,,,,,,,,,,
972,69,66.75,-2.25,,,,,,,,,,,,,,
973,60,62,2,,,,,,,,,,,,,,
974,61,73,12,,,,,,,,,,,,,,
975,67,70,3,,,,,,,,,,,,,,
976,77,84.818,7.818,,,,,,,,,,,,,,
977,60,67.333,7.333,,,,,,,,,,,,,,
978,58,64.462,6.462,,,,,,,,,,,,,,
979,48,57,9,,,,,,,,,,,,,,
980,94,69.476,-24.524,,,,,,,,,,,,,,
981,23,59.5,36.5,,,,,,,,,,,,,,
982,78,66,-12,,,,,,,,,,,,,,
983,86,67.667,-18.333,,,,,,,,,,,,,,
984,91,86.5,-4.5,,,,,,,,,,,,,,
985,82,71.75,-10.25,,,,,,,,,,,,,,
986,54,56.5,2.5,,,,,,,,,,,,,,
987,51,69.476,18.476,,,,,,,,,,,,,,
988,76,70.5,-5.5,,,,,,,,,,,,,,
989,45,53,8,,,,,,,,,,,,,,
990,83,75.833,-7.167,,,,,,,,,,,,,,
991,75,64.5,-10.5,,,,,,,,,,,,,,
992,78,65.6,-12.4,,,,,,,,,,,,,,
993,76,58,-18,,,,,,,,,,,,,,
994,74,75.2,1.2,,,,,,,,,,,,,,
995,62,56.5,-5.5,,,,,,,,,,,,,,
996,95,97.5,2.5,,,,,,,,,,,,,,
997,55,52.571,-2.429,,,,,,,,,,,,,,
998,65,71,6,,,,,,,,,,,,,,
999,77,86.429,9.429,,,,,,,,,,,,,,
1000,86,73,-13,,,,,,,,,,,,,,
